{
    "trigger": true,
    "modules": [
        "custom"
    ],
    "parentResource": "roostedv3auth",
    "functionName": "roostedv3authPreSignup",
    "parentStack": "auth",
    "triggerEnvs": "[]",
    "triggerDir": "/usr/local/lib/node_modules/@aws-amplify/cli/node_modules/amplify-category-auth/provider-utils/awscloudformation/utils/../triggers/PreSignup",
    "roleName": "roostedv3authPreSignup",
    "triggerTemplate": "PreSignup.json.ejs",
    "triggerEventPath": "PreSignup.event.json",
    "skipEdit": true,
    "resourceName": "roostedv3authPreSignup"
}