{
    "identityPoolName": "roostedv347752ed6_identitypool_47752ed6",
    "allowUnauthenticatedIdentities": false,
    "resourceNameTruncated": "rooste47752ed6",
    "userPoolName": "roostedv347752ed6_userpool_47752ed6",
    "autoVerifiedAttributes": [
        "email"
    ],
    "mfaConfiguration": "OFF",
    "mfaTypes": [
        "SMS Text Message"
    ],
    "smsAuthenticationMessage": "Your authentication code is {####}",
    "smsVerificationMessage": "Your verification code is {####}",
    "emailVerificationSubject": "Your verification code",
    "emailVerificationMessage": "Your verification code is {####}",
    "defaultPasswordPolicy": false,
    "passwordPolicyMinLength": 8,
    "passwordPolicyCharacters": [],
    "requiredAttributes": [
        "email"
    ],
    "userpoolClientGenerateSecret": true,
    "userpoolClientRefreshTokenValidity": 30,
    "userpoolClientWriteAttributes": [
        "email"
    ],
    "userpoolClientReadAttributes": [
        "email"
    ],
    "userpoolClientLambdaRole": "rooste47752ed6_userpoolclient_lambda_role",
    "userpoolClientSetAttributes": false,
    "useDefault": "manual",
    "authSelections": "identityPoolAndUserPool",
    "resourceName": "roostedv3auth",
    "thirdPartyAuth": true,
    "authProviders": [
        "graph.facebook.com",
        "accounts.google.com"
    ],
    "usernameAttributes": [
        "email"
    ],
    "userPoolGroups": true,
    "adminQueries": false,
    "triggers": "{\"PostConfirmation\":[\"add-to-group\"],\"PreSignup\":[\"custom\"]}",
    "hostedUI": true,
    "hostedUIDomainName": "roostedv3auth",
    "authProvidersUserPool": [
        "Facebook",
        "Google"
    ],
    "hostedUIProviderMeta": "[{\"ProviderName\":\"Facebook\",\"authorize_scopes\":\"email,public_profile\",\"AttributeMapping\":{\"email\":\"email\",\"username\":\"id\"}},{\"ProviderName\":\"Google\",\"authorize_scopes\":\"openid email profile\",\"AttributeMapping\":{\"email\":\"email\",\"username\":\"sub\"}}]",
    "userPoolGroupList": [
        "admins",
        "brokers",
        "users"
    ],
    "authRoleArn": {
        "Fn::GetAtt": [
            "AuthRole",
            "Arn"
        ]
    },
    "unauthRoleArn": {
        "Fn::GetAtt": [
            "UnauthRole",
            "Arn"
        ]
    },
    "parentStack": {
        "Ref": "AWS::StackId"
    },
    "permissions": [
        "{\"policyName\":\"AddToGroupCognito\",\"trigger\":\"PostConfirmation\",\"effect\":\"Allow\",\"actions\":[\"cognito-idp:AdminAddUserToGroup\",\"cognito-idp:GetGroup\",\"cognito-idp:CreateGroup\"],\"resource\":{\"paramType\":\"!GetAtt\",\"keys\":[\"UserPool\",\"Arn\"]}}"
    ],
    "dependsOn": [
        {
            "category": "function",
            "resourceName": "roostedv3authPostConfirmation",
            "triggerProvider": "Cognito",
            "attributes": [
                "Arn",
                "Name"
            ]
        },
        {
            "category": "function",
            "resourceName": "roostedv3authPreSignup",
            "triggerProvider": "Cognito",
            "attributes": [
                "Arn",
                "Name"
            ]
        }
    ],
    "oAuthMetadata": "{\"AllowedOAuthFlows\":[\"code\"],\"AllowedOAuthScopes\":[\"phone\",\"email\",\"openid\",\"profile\",\"aws.cognito.signin.user.admin\"],\"CallbackURLs\":[\"https://app.roosted.io/\",\"https://master.dtuj2j3vg7cl3.amplifyapp.com/\",\"https://staging.dtuj2j3vg7cl3.amplifyapp.com/\",\"https://app.roosted.io/\"],\"LogoutURLs\":[\"https://app.roosted.io/\",\"https://master.dtuj2j3vg7cl3.amplifyapp.com/\",\"https://staging.dtuj2j3vg7cl3.amplifyapp.com/\",\"https://app.roosted.io/\"]}"
}