{
    "function": {
        "roostedv3authPostConfirmation": {
            "service": "Lambda",
            "providerPlugin": "awscloudformation",
            "build": true
        },
        "roostedv3authPreSignup": {
            "service": "Lambda",
            "providerPlugin": "awscloudformation",
            "build": true
        },
        "roostedStripeLambda": {
            "service": "Lambda",
            "providerPlugin": "awscloudformation",
            "build": true
        },
        "roostedSendgridLambda": {
            "service": "Lambda",
            "providerPlugin": "awscloudformation",
            "build": true
        },
        "roostedCognitoLambda": {
            "service": "Lambda",
            "providerPlugin": "awscloudformation",
            "build": true
        },
        "roostedMailChimpLambda": {
            "service": "Lambda",
            "providerPlugin": "awscloudformation",
            "build": true
        },
        "roostedV3Transfer": {
            "build": true,
            "providerPlugin": "awscloudformation",
            "service": "Lambda"
        },
        "roostedUserMigration": {
            "build": true,
            "providerPlugin": "awscloudformation",
            "service": "Lambda"
        }
    },
    "auth": {
        "userPoolGroups": {
            "service": "Cognito-UserPool-Groups",
            "providerPlugin": "awscloudformation",
            "dependsOn": [
                {
                    "category": "auth",
                    "resourceName": "roostedv3auth",
                    "attributes": [
                        "UserPoolId",
                        "AppClientIDWeb",
                        "AppClientID",
                        "IdentityPoolId"
                    ]
                }
            ]
        },
        "roostedv3auth": {
            "service": "Cognito",
            "providerPlugin": "awscloudformation",
            "dependsOn": [
                {
                    "category": "function",
                    "resourceName": "roostedv3authPostConfirmation",
                    "triggerProvider": "Cognito",
                    "attributes": [
                        "Arn",
                        "Name"
                    ]
                },
                {
                    "category": "function",
                    "resourceName": "roostedv3authPreSignup",
                    "triggerProvider": "Cognito",
                    "attributes": [
                        "Arn",
                        "Name"
                    ]
                }
            ]
        }
    },
    "api": {
        "roostedv3": {
            "service": "AppSync",
            "providerPlugin": "awscloudformation",
            "output": {
                "authConfig": {
                    "additionalAuthenticationProviders": [],
                    "defaultAuthentication": {
                        "authenticationType": "AMAZON_COGNITO_USER_POOLS",
                        "userPoolConfig": {
                            "userPoolId": "authroostedv3auth"
                        }
                    }
                }
            }
        },
        "roostedRestAPI": {
            "service": "API Gateway",
            "providerPlugin": "awscloudformation",
            "dependsOn": [
                {
                    "category": "function",
                    "resourceName": "roostedStripeLambda",
                    "attributes": [
                        "Name",
                        "Arn"
                    ]
                },
                {
                    "category": "function",
                    "resourceName": "roostedSendgridLambda",
                    "attributes": [
                        "Name",
                        "Arn"
                    ]
                },
                {
                    "category": "function",
                    "resourceName": "roostedCognitoLambda",
                    "attributes": [
                        "Name",
                        "Arn"
                    ]
                },
                {
                    "category": "function",
                    "resourceName": "roostedMailChimpLambda",
                    "attributes": [
                        "Name",
                        "Arn"
                    ]
                },
                {
                    "category": "function",
                    "resourceName": "roostedV3Transfer",
                    "attributes": [
                        "Name",
                        "Arn"
                    ]
                },
                {
                    "category": "auth",
                    "resourceName": "roostedv3auth",
                    "attributes": [
                        "UserPoolId"
                    ]
                },
                {
                    "category": "auth",
                    "resourceName": "userPoolGroups",
                    "attributes": [
                        "adminsGroupRole"
                    ]
                },
                {
                    "category": "auth",
                    "resourceName": "userPoolGroups",
                    "attributes": [
                        "usersGroupRole"
                    ]
                }
            ]
        }
    },
    "storage": {
        "roostedS3": {
            "service": "S3",
            "providerPlugin": "awscloudformation"
        }
    }
}