{
    "trigger": true,
    "modules": [
        "add-to-group"
    ],
    "parentResource": "roostedv3auth",
    "functionName": "roostedv3authPostConfirmation",
    "parentStack": "auth",
    "triggerEnvs": "[]",
    "triggerDir": "/usr/local/lib/node_modules/@aws-amplify/cli/node_modules/amplify-category-auth/provider-utils/awscloudformation/utils/../triggers/PostConfirmation",
    "roleName": "roostedv3authPostConfirmation",
    "triggerTemplate": "PostConfirmation.json.ejs",
    "triggerEventPath": "PostConfirmation.event.json",
    "skipEdit": true,
    "resourceName": "roostedv3authPostConfirmation"
}